Date,Type,ICT_Category,Keywords,Title_KO,Title_EN,Link
2025-12-23,Presidential Document,17. Mobile Wireless,Spectrum,의료용 마리화나 및 칸나비디올 연구 증가,Increasing Medical Marijuana and Cannabidiol Research,https://www.federalregister.gov/documents/2025/12/23/2025-23846/increasing-medical-marijuana-and-cannabidiol-research
2025-12-23,Presidential Document,"17. Mobile Wireless, 37. Energy/Utility","Nuclear, Spectrum",미국의 우주 우월성 보장,Ensuring American Space Superiority,https://www.federalregister.gov/documents/2025/12/23/2025-23845/ensuring-american-space-superiority
2025-12-19,Presidential Document,16. Mobile Device,SoC,미국의 안보를 보호하기 위해 외국인 입국 제한 및 제한,Restricting and Limiting the Entry of Foreign Nationals To Protect the Security of the United States,https://www.federalregister.gov/documents/2025/12/19/2025-23570/restricting-and-limiting-the-entry-of-foreign-nationals-to-protect-the-security-of-the-united-states
2025-12-19,Presidential Document,16. Mobile Device,SoC,2024년 자유연합협약 개정법(Compact of Free Association Amendments Act) 208(d)(6)항에 따른 권한 위임,Delegation of Authority Under Section 208(d)(6) of the Compact of Free Association Amendments Act of 2024,https://www.federalregister.gov/documents/2025/12/19/2025-23568/delegation-of-authority-under-section-208d6-of-the-compact-of-free-association-amendments-act-of
2025-12-19,Presidential Document,16. Mobile Device,SoC,2012 회계연도 국방수권법 1245(d)(4)(B) 및 (C)항에 따른 대통령 결정,Presidential Determination Pursuant to Section 1245(d)(4)(B) and (C) of the National Defense Authorization Act for Fiscal Year 2012,https://www.federalregister.gov/documents/2025/12/19/2025-23567/presidential-determination-pursuant-to-section-1245d4b-and-c-of-the-national-defense-authorization
2025-12-18,Presidential Document,17. Mobile Wireless,Spectrum,펜타닐을 대량 살상 무기로 지정,Designating Fentanyl as a Weapon of Mass Destruction,https://www.federalregister.gov/documents/2025/12/18/2025-23417/designating-fentanyl-as-a-weapon-of-mass-destruction
2025-12-18,Presidential Document,6. Blockchain,RWA,"권리장전의 날, 2025년","Bill of Rights Day, 2025",https://www.federalregister.gov/documents/2025/12/18/2025-23416/bill-of-rights-day-2025
2025-12-16,Presidential Document,"16. Mobile Device, 21. Regulation","Antitrust, SoC",외국인 소유 및 정치적 동기를 지닌 의결권 자문가로부터 미국 투자자 보호,Protecting American Investors From Foreign-Owned and Politically-Motivated Proxy Advisors,https://www.federalregister.gov/documents/2025/12/16/2025-23093/protecting-american-investors-from-foreign-owned-and-politically-motivated-proxy-advisors
2025-12-16,Presidential Document,"4. AI, 30. Content Platform","Algorithm, Artificial Intelligence",인공지능에 대한 국가 정책 프레임워크 보장,Ensuring a National Policy Framework for Artificial Intelligence,https://www.federalregister.gov/documents/2025/12/16/2025-23092/ensuring-a-national-policy-framework-for-artificial-intelligence
2025-12-10,Presidential Document,16. Mobile Device,SoC,식품 공급망 내 가격 담합 및 반경쟁 행위로 인한 보안 위험 해결,Addressing Security Risks From Price Fixing and Anti-Competitive Behavior in the Food Supply Chain,https://www.federalregister.gov/documents/2025/12/10/2025-22537/addressing-security-risks-from-price-fixing-and-anti-competitive-behavior-in-the-food-supply-chain
2025-11-28,Presidential Document,"4. AI, 6. Blockchain, 15. Hardware, 16. Mobile Device, 37. Energy/Utility","SoC, RWA, Semiconductor, Nuclear, Artificial Intelligence",제네시스 미션 시작,Launching the Genesis Mission,https://www.federalregister.gov/documents/2025/11/28/2025-21665/launching-the-genesis-mission
2025-11-19,Presidential Document,4. AI,Artificial Intelligence,미국 어린이와 가족을 위한 미래 육성,Fostering the Future for American Children and Families,https://www.federalregister.gov/documents/2025/11/19/2025-20406/fostering-the-future-for-american-children-and-families
2025-11-14,Presidential Document,16. Mobile Device,SoC,2025년 재향군인의 날,"Veterans Day, 2025",https://www.federalregister.gov/documents/2025/11/14/2025-19995/veterans-day-2025
2025-11-14,Presidential Document,6. Blockchain,RWA,2020년 대통령 선거와 관련된 특정 범죄에 대한 사면 부여,Granting Pardons for Certain Offenses Related to the 2020 Presidential Election,https://www.federalregister.gov/documents/2025/11/14/2025-19928/granting-pardons-for-certain-offenses-related-to-the-2020-presidential-election
2025-11-13,Presidential Document,16. Mobile Device,SoC,2025년 반공 주간,"Anti-Communism Week, 2025",https://www.federalregister.gov/documents/2025/11/13/2025-19892/anti-communism-week-2025
2025-11-07,Presidential Document,"15. Hardware, 38. Metals","Semiconductor, Rare earth",미국과 중화인민공화국 간의 경제 및 무역 협정에 부합하도록 상호 관세율을 수정합니다.,Modifying Reciprocal Tariff Rates Consistent With the Economic and Trade Arrangement Between the United States and the People's Republic of China,https://www.federalregister.gov/documents/2025/11/07/2025-19826/modifying-reciprocal-tariff-rates-consistent-with-the-economic-and-trade-arrangement-between-the
2025-11-03,Presidential Document,15. Hardware,Semiconductor,미국 광물 안보를 촉진하기 위한 특정 고정 자원에 대한 규제 완화,Regulatory Relief for Certain Stationary Sources To Promote American Mineral Security,https://www.federalregister.gov/documents/2025/11/03/2025-19775/regulatory-relief-for-certain-stationary-sources-to-promote-american-mineral-security
2025-10-31,Presidential Document,16. Mobile Device,SoC,미국 초기 난민 재정착 프로그램 이전에 대한 대통령 결정,Presidential Determination on Transferring the United States Program of Initial Refugee Resettlement,https://www.federalregister.gov/documents/2025/10/31/2025-19753/presidential-determination-on-transferring-the-united-states-program-of-initial-refugee-resettlement
2025-10-22,Presidential Document,37. Energy/Utility,Nuclear,2025년 국가 에너지 지배의 달,"National Energy Dominance Month, 2025",https://www.federalregister.gov/documents/2025/10/22/2025-19641/national-energy-dominance-month-2025
2025-10-22,Presidential Document,4. AI,Artificial Intelligence,2025년 국가 사이버 보안 인식의 달,"National Cybersecurity Awareness Month, 2025",https://www.federalregister.gov/documents/2025/10/22/2025-19640/national-cybersecurity-awareness-month-2025
2025-10-20,Presidential Document,"6. Blockchain, 16. Mobile Device","SoC, RWA",연방 채용에 대한 지속적인 책임 보장,Ensuring Continued Accountability in Federal Hiring,https://www.federalregister.gov/documents/2025/10/20/2025-19614/ensuring-continued-accountability-in-federal-hiring
2025-10-16,Presidential Document,6. Blockchain,RWA,"풀라스키 장군 현충일, 2025년","General Pulaski Memorial Day, 2025",https://www.federalregister.gov/documents/2025/10/16/2025-19585/general-pulaski-memorial-day-2025
2025-10-14,Presidential Document,6. Blockchain,RWA,2025년 콜럼버스의 날,"Columbus Day, 2025",https://www.federalregister.gov/documents/2025/10/14/2025-19563/columbus-day-2025
2025-10-14,Presidential Document,6. Blockchain,RWA,"레이프 에릭슨 데이, 2025","Leif Erikson Day, 2025",https://www.federalregister.gov/documents/2025/10/14/2025-19561/leif-erikson-day-2025
2025-10-07,Presidential Document,4. AI,"LLM, Artificial Intelligence",2025년 전국 제조업의 날,"National Manufacturing Day, 2025",https://www.federalregister.gov/documents/2025/10/07/2025-19497/national-manufacturing-day-2025
2025-10-07,Presidential Document,"4. AI, 21. Regulation, 44. Pharmacy","Clinical trial, AI Act, Artificial Intelligence",인공지능으로 소아암 치료제 개발,Unlocking Cures for Pediatric Cancer With Artificial Intelligence,https://www.federalregister.gov/documents/2025/10/07/2025-19495/unlocking-cures-for-pediatric-cancer-with-artificial-intelligence
2025-10-06,Presidential Document,37. Energy/Utility,Nuclear,"미국으로의 목재, 목재 및 그 파생 제품의 수입 조정","Adjusting Imports of Timber, Lumber, and Their Derivative Products Into the United States",https://www.federalregister.gov/documents/2025/10/06/2025-19482/adjusting-imports-of-timber-lumber-and-their-derivative-products-into-the-united-states
2025-09-30,Presidential Document,"16. Mobile Device, 30. Content Platform","Algorithm, SoC",국가 안보를 보호하면서 TikTok을 구합니다,Saving TikTok While Protecting National Security,https://www.federalregister.gov/documents/2025/09/30/2025-19139/saving-tiktok-while-protecting-national-security
2025-09-24,Presidential Document,14. IT Service,IT outsourcing,특정 비이민 근로자의 입국 제한,Restriction on Entry of Certain Nonimmigrant Workers,https://www.federalregister.gov/documents/2025/09/24/2025-18601/restriction-on-entry-of-certain-nonimmigrant-workers
2025-09-23,Presidential Document,16. Mobile Device,SoC,Long Island Rail Road Company와 특정 노동 조합이 대표하는 특정 직원 사이의 분쟁을 조사하기 위한 긴급 위원회 설립,Establishing an Emergency Board To Investigate Disputes Between the Long Island Rail Road Company and Certain of Its Employees Represented by Certain Labor Organizations,https://www.federalregister.gov/documents/2025/09/23/2025-18479/establishing-an-emergency-board-to-investigate-disputes-between-the-long-island-rail-road-company
2025-09-17,Presidential Document,16. Mobile Device,SoC,2026 회계연도의 주요 약물 운송 또는 주요 불법 약물 생산 국가에 대한 대통령 결정,Presidential Determination on Major Drug Transit or Major Illicit Drug Producing Countries for Fiscal Year 2026,https://www.federalregister.gov/documents/2025/09/17/2025-18078/presidential-determination-on-major-drug-transit-or-major-illicit-drug-producing-countries-for
2025-09-10,Presidential Document,"6. Blockchain, 16. Mobile Device","SoC, RWA",미국 국민을 해외에서 부당하게 구금되지 않도록 보호하기 위한 노력 강화,Strengthening Efforts To Protect U.S. Nationals From Wrongful Detention Abroad,https://www.federalregister.gov/documents/2025/09/10/2025-17509/strengthening-efforts-to-protect-us-nationals-from-wrongful-detention-abroad
2025-09-03,Presidential Document,16. Mobile Device,SoC,연방 건축을 다시 아름답게 만들기,Making Federal Architecture Beautiful Again,https://www.federalregister.gov/documents/2025/09/03/2025-16928/making-federal-architecture-beautiful-again
2025-08-28,Presidential Document,16. Mobile Device,SoC,미국인을 보호하기 위해 무현금 보석금을 종료하는 조치를 취함,Taking Steps To End Cashless Bail To Protect Americans,https://www.federalregister.gov/documents/2025/08/28/2025-16618/taking-steps-to-end-cashless-bail-to-protect-americans
2025-08-19,Presidential Document,16. Mobile Device,SoC,사회보장법 제정 90주년,90th Anniversary of the Social Security Act,https://www.federalregister.gov/documents/2025/08/19/2025-15827/90th-anniversary-of-the-social-security-act
2025-08-19,Presidential Document,"6. Blockchain, 16. Mobile Device","SoC, RWA",상업용 우주산업의 경쟁 활성화,Enabling Competition in the Commercial Space Industry,https://www.federalregister.gov/documents/2025/08/19/2025-15822/enabling-competition-in-the-commercial-space-industry
2025-08-12,Presidential Document,16. Mobile Device,SoC,연방 보조금 지급에 대한 감독 개선,Improving Oversight of Federal Grantmaking,https://www.federalregister.gov/documents/2025/08/12/2025-15344/improving-oversight-of-federal-grantmaking
2025-08-12,Presidential Document,16. Mobile Device,SoC,모든 미국인을 위한 공정한 은행 업무 보장,Guaranteeing Fair Banking for All Americans,https://www.federalregister.gov/documents/2025/08/12/2025-15341/guaranteeing-fair-banking-for-all-americans
2025-08-12,Presidential Document,16. Mobile Device,SoC,401(k) 투자자를 위한 대체 자산에 대한 접근 민주화,Democratizing Access to Alternative Assets for 401(k) Investors,https://www.federalregister.gov/documents/2025/08/12/2025-15340/democratizing-access-to-alternative-assets-for-401k-investors
2025-08-12,Presidential Document,"16. Mobile Device, 18. Broadband/IPTV","SoC, Broadcasting",쿠바에 대한 미국의 정책 강화에 관한 국가 안보 대통령 각서 5의 재발행 및 수정,Reissuance of and Amendments to National Security Presidential Memorandum 5 on Strengthening the Policy of the United States Toward Cuba,https://www.federalregister.gov/documents/2025/08/12/2025-15338/reissuance-of-and-amendments-to-national-security-presidential-memorandum-5-on-strengthening-the
2025-08-06,Presidential Document,16. Mobile Device,SoC,"스포츠, 피트니스, 영양에 관한 대통령 위원회와 대통령 체력 테스트의 재설립","President's Council on Sports, Fitness, and Nutrition, and the Reestablishment of the Presidential Fitness Test",https://www.federalregister.gov/documents/2025/08/06/2025-15011/presidents-council-on-sports-fitness-and-nutrition-and-the-reestablishment-of-the-presidential
2025-08-05,Presidential Document,"16. Mobile Device, 30. Content Platform","Algorithm, SoC",브라질 정부의 미국에 대한 위협 해결,Addressing Threats to the United States by the Government of Brazil,https://www.federalregister.gov/documents/2025/08/05/2025-14896/addressing-threats-to-the-united-states-by-the-government-of-brazil
2025-08-05,Presidential Document,6. Blockchain,RWA,미국으로의 구리 수입 조정,Adjusting Imports of Copper Into the United States,https://www.federalregister.gov/documents/2025/08/05/2025-14893/adjusting-imports-of-copper-into-the-united-states
2025-07-29,Presidential Document,"16. Mobile Device, 21. Regulation","Antitrust, SoC",대학 스포츠 절약,Saving College Sports,https://www.federalregister.gov/documents/2025/07/29/2025-14392/saving-college-sports
2025-07-28,Presidential Document,"4. AI, 16. Mobile Device","SoC, Artificial Intelligence",미국 AI 기술스택 수출 촉진,Promoting the Export of the American AI Technology Stack,https://www.federalregister.gov/documents/2025/07/28/2025-14218/promoting-the-export-of-the-american-ai-technology-stack
2025-07-28,Presidential Document,"4. AI, 16. Mobile Device, 29. E-Learning, 37. Energy/Utility","LMS, LLM, SoC, Nuclear, Artificial Intelligence",연방 정부의 Woke AI 방지,Preventing Woke AI in the Federal Government,https://www.federalregister.gov/documents/2025/07/28/2025-14217/preventing-woke-ai-in-the-federal-government
2025-07-28,Presidential Document,"4. AI, 15. Hardware, 37. Energy/Utility","Semiconductor, Artificial Intelligence, Nuclear",데이터 센터 인프라에 대한 연방 허가 가속화,Accelerating Federal Permitting of Data Center Infrastructure,https://www.federalregister.gov/documents/2025/07/28/2025-14212/accelerating-federal-permitting-of-data-center-infrastructure
2025-07-23,Presidential Document,16. Mobile Device,SoC,예외 서비스에서 스케줄 G 생성,Creating Schedule G in the Excepted Service,https://www.federalregister.gov/documents/2025/07/23/2025-13925/creating-schedule-g-in-the-excepted-service
2025-07-23,Presidential Document,15. Hardware,Semiconductor,미국 화학 제조 보안을 촉진하기 위한 특정 고정 소스에 대한 규제 완화,Regulatory Relief for Certain Stationary Sources To Promote American Chemical Manufacturing Security,https://www.federalregister.gov/documents/2025/07/23/2025-13890/regulatory-relief-for-certain-stationary-sources-to-promote-american-chemical-manufacturing-security
2025-07-09,Presidential Document,6. Blockchain,RWA,대통령 직속 미국을 다시 아름답게 만들기 위원회 설립,Establishing the President's Make America Beautiful Again Commission,https://www.federalregister.gov/documents/2025/07/09/2025-12774/establishing-the-presidents-make-america-beautiful-again-commission
2025-07-03,Presidential Document,16. Mobile Device,SoC,시리아 제재 철회 제공,Providing for the Revocation of Syria Sanctions,https://www.federalregister.gov/documents/2025/07/03/2025-12506/providing-for-the-revocation-of-syria-sanctions
2025-06-18,Presidential Document,6. Blockchain,RWA,미 육군 창설 250주년,250th Anniversary of the Founding of the United States Army,https://www.federalregister.gov/documents/2025/06/18/2025-11362/250th-anniversary-of-the-founding-of-the-united-states-army
2025-06-18,Presidential Document,4. AI,Artificial Intelligence,상식적인 산불 예방 및 대응 역량 강화,Empowering Commonsense Wildfire Prevention and Response,https://www.federalregister.gov/documents/2025/06/18/2025-11358/empowering-commonsense-wildfire-prevention-and-response
2025-06-11,Presidential Document,"4. AI, 17. Mobile Wireless, 34. Automotive/Aviation, 39. Construction/Defense","Drone, eVTOL, Spectrum, Artificial Intelligence",미국의 드론 지배력 해방,Unleashing American Drone Dominance,https://www.federalregister.gov/documents/2025/06/11/2025-10814/unleashing-american-drone-dominance
2025-06-11,Presidential Document,"4. AI, 30. Content Platform","Algorithm, Artificial Intelligence",국가의 사이버 보안을 강화하기 위한 선별적인 노력을 지속하고 행정 명령 13694 및 행정 명령 14144를 개정합니다.,Sustaining Select Efforts To Strengthen the Nation's Cybersecurity and Amending Executive Order 13694 and Executive Order 14144,https://www.federalregister.gov/documents/2025/06/11/2025-10804/sustaining-select-efforts-to-strengthen-the-nations-cybersecurity-and-amending-executive-order-13694
2025-06-11,Presidential Document,"16. Mobile Device, 39. Construction/Defense","Drone, SoC",미국 영공 주권 회복,Restoring American Airspace Sovereignty,https://www.federalregister.gov/documents/2025/06/11/2025-10803/restoring-american-airspace-sovereignty
2025-06-11,Presidential Document,"29. E-Learning, 39. Construction/Defense","Drone, LMS",2025년 전국 해양의 달,"National Ocean Month, 2025",https://www.federalregister.gov/documents/2025/06/11/2025-10790/national-ocean-month-2025
2025-06-10,Presidential Document,16. Mobile Device,SoC,외국 테러리스트 및 기타 국가 안보 및 공공 안전 위협으로부터 미국을 보호하기 위해 외국인 입국 제한,Restricting the Entry of Foreign Nationals To Protect the United States From Foreign Terrorists and Other National Security and Public Safety Threats,https://www.federalregister.gov/documents/2025/06/10/2025-10669/restricting-the-entry-of-foreign-nationals-to-protect-the-united-states-from-foreign-terrorists-and
2025-06-10,Presidential Document,4. AI,LLM,하버드 대학교에서 위험을 해결하여 국가 안보 강화,Enhancing National Security by Addressing Risks at Harvard University,https://www.federalregister.gov/documents/2025/06/10/2025-10668/enhancing-national-security-by-addressing-risks-at-harvard-university
2025-06-04,Presidential Document,16. Mobile Device,SoC,1950년 국방물자생산법(Defense Production Act) 303항: 군수품 및 광물 제조 및 방위 산업 기반 부활에 따른 대통령의 법적 요건 면제,Presidential Waiver of Statutory Requirements Pursuant to Section 303 of the Defense Production Act of 1950: Reviving the Manufacturing and Defense Industrial Base for Munitions and Minerals,https://www.federalregister.gov/documents/2025/06/04/2025-10322/presidential-waiver-of-statutory-requirements-pursuant-to-section-303-of-the-defense-production-act
2025-05-29,Presidential Document,16. Mobile Device,SoC,2025년 전국 체력 및 스포츠의 달,"National Physical Fitness and Sports Month, 2025",https://www.federalregister.gov/documents/2025/05/29/2025-09873/national-physical-fitness-and-sports-month-2025
2025-05-29,Presidential Document,"6. Blockchain, 16. Mobile Device","SoC, RWA",표준 과학 복원,Restoring Gold Standard Science,https://www.federalregister.gov/documents/2025/05/29/2025-09802/restoring-gold-standard-science
2025-05-29,Presidential Document,"6. Blockchain, 16. Mobile Device, 37. Energy/Utility, 38. Metals","Recycling, Nuclear, SoC, RWA",원자력 산업기반 활성화,Reinvigorating the Nuclear Industrial Base,https://www.federalregister.gov/documents/2025/05/29/2025-09801/reinvigorating-the-nuclear-industrial-base
2025-05-29,Presidential Document,37. Energy/Utility,Nuclear,에너지부의 원자로 테스트 개혁,Reforming Nuclear Reactor Testing at the Department of Energy,https://www.federalregister.gov/documents/2025/05/29/2025-09799/reforming-nuclear-reactor-testing-at-the-department-of-energy
2025-05-29,Presidential Document,"4. AI, 6. Blockchain, 16. Mobile Device, 37. Energy/Utility","Nuclear, SoC, Artificial Intelligence, RWA",원자력규제위원회 개혁 명령,Ordering the Reform of the Nuclear Regulatory Commission,https://www.federalregister.gov/documents/2025/05/29/2025-09798/ordering-the-reform-of-the-nuclear-regulatory-commission
2025-05-29,Presidential Document,"4. AI, 37. Energy/Utility, 38. Metals","Recycling, Nuclear, Artificial Intelligence",국가 안보를 위한 첨단 원자로 기술 배포,Deploying Advanced Nuclear Reactor Technologies for National Security,https://www.federalregister.gov/documents/2025/05/29/2025-09796/deploying-advanced-nuclear-reactor-technologies-for-national-security
2025-05-28,Presidential Document,16. Mobile Device,SoC,2025년 국립 해양의 날,"National Maritime Day, 2025",https://www.federalregister.gov/documents/2025/05/28/2025-09785/national-maritime-day-2025
2025-05-15,Presidential Document,21. Regulation,Antitrust,미국 환자에게 최혜국 처방약 가격 제공,Delivering Most-Favored-Nation Prescription Drug Pricing to American Patients,https://www.federalregister.gov/documents/2025/05/15/2025-08876/delivering-most-favored-nation-prescription-drug-pricing-to-american-patients
2025-05-14,Presidential Document,16. Mobile Device,SoC,프로젝트 홈커밍 설립,Establishing Project Homecoming,https://www.federalregister.gov/documents/2025/05/14/2025-08673/establishing-project-homecoming
2025-05-12,Presidential Document,16. Mobile Device,SoC,2025년 제2차 세계 대전 승전 기념일,"Victory Day for World War II, 2025",https://www.federalregister.gov/documents/2025/05/12/2025-08488/victory-day-for-world-war-ii-2025
2025-05-12,Presidential Document,16. Mobile Device,SoC,2025년 전국 위탁 양육의 달,"National Foster Care Month, 2025",https://www.federalregister.gov/documents/2025/05/12/2025-08487/national-foster-care-month-2025
2025-05-08,Presidential Document,16. Mobile Device,SoC,중요 의약품의 국내 생산을 촉진하기 위한 규제 완화,Regulatory Relief To Promote Domestic Production of Critical Medicines,https://www.federalregister.gov/documents/2025/05/08/2025-08267/regulatory-relief-to-promote-domestic-production-of-critical-medicines
2025-05-08,Presidential Document,16. Mobile Device,SoC,생물학 연구의 안전 및 보안 개선,Improving the Safety and Security of Biological Research,https://www.federalregister.gov/documents/2025/05/08/2025-08266/improving-the-safety-and-security-of-biological-research
2025-05-07,Presidential Document,16. Mobile Device,SoC,종교자유위원회 설립,Establishment of the Religious Liberty Commission,https://www.federalregister.gov/documents/2025/05/07/2025-08134/establishment-of-the-religious-liberty-commission
2025-05-07,Presidential Document,18. Broadband/IPTV,Broadcasting,편향된 미디어에 대한 납세자 보조금 종료,Ending Taxpayer Subsidization of Biased Media,https://www.federalregister.gov/documents/2025/05/07/2025-08133/ending-taxpayer-subsidization-of-biased-media
2025-05-02,Presidential Document,16. Mobile Device,SoC,범죄자를 추적하고 무고한 시민을 보호하기 위해 미국의 법 집행을 강화하고 해방합니다.,Strengthening and Unleashing America's Law Enforcement To Pursue Criminals and Protect Innocent Citizens,https://www.federalregister.gov/documents/2025/05/02/2025-07790/strengthening-and-unleashing-americas-law-enforcement-to-pursue-criminals-and-protect-innocent
2025-04-30,Presidential Document,29. E-Learning,LMS,2025년 세계 지적재산권의 날,"World Intellectual Property Day, 2025",https://www.federalregister.gov/documents/2025/04/30/2025-07570/world-intellectual-property-day-2025
2025-04-29,Presidential Document,"16. Mobile Device, 38. Metals","SoC, Rare earth",미국의 해양 중요 광물 및 자원 활용,Unleashing America's Offshore Critical Minerals and Resources,https://www.federalregister.gov/documents/2025/04/29/2025-07470/unleashing-americas-offshore-critical-minerals-and-resources
2025-04-28,Presidential Document,16. Mobile Device,SoC,역사적으로 흑인 대학의 우수성과 혁신을 촉진하기 위한 백악관 이니셔티브,White House Initiative To Promote Excellence and Innovation at Historically Black Colleges and Universities,https://www.federalregister.gov/documents/2025/04/28/2025-07380/white-house-initiative-to-promote-excellence-and-innovation-at-historically-black-colleges-and
2025-04-28,Presidential Document,16. Mobile Device,SoC,기회의 평등과 능력주의 회복,Restoring Equality of Opportunity and Meritocracy,https://www.federalregister.gov/documents/2025/04/28/2025-07378/restoring-equality-of-opportunity-and-meritocracy
2025-04-28,Presidential Document,16. Mobile Device,SoC,고등교육 강화를 위한 인증 개혁,Reforming Accreditation To Strengthen Higher Education,https://www.federalregister.gov/documents/2025/04/28/2025-07376/reforming-accreditation-to-strengthen-higher-education
2025-04-28,Presidential Document,4. AI,Artificial Intelligence,미래의 고임금 숙련 무역 일자리를 위해 미국인을 준비시키세요,Preparing Americans for High-Paying Skilled Trade Jobs of the Future,https://www.federalregister.gov/documents/2025/04/28/2025-07369/preparing-americans-for-high-paying-skilled-trade-jobs-of-the-future
2025-04-28,Presidential Document,"4. AI, 16. Mobile Device","LLM, Artificial Intelligence, SoC",미국 청소년을 위한 인공지능 교육 발전,Advancing Artificial Intelligence Education for American Youth,https://www.federalregister.gov/documents/2025/04/28/2025-07368/advancing-artificial-intelligence-education-for-american-youth
2025-04-28,Presidential Document,16. Mobile Device,SoC,"홀로코스트 희생자 추모일, 2025년","Days of Remembrance of Victims of the Holocaust, 2025",https://www.federalregister.gov/documents/2025/04/28/2025-07366/days-of-remembrance-of-victims-of-the-holocaust-2025
2025-04-18,Presidential Document,16. Mobile Device,SoC,불법 외국인이 사회 보장법 혜택을 받는 것을 방지,Preventing Illegal Aliens From Obtaining Social Security Act Benefits,https://www.federalregister.gov/documents/2025/04/18/2025-06840/preventing-illegal-aliens-from-obtaining-social-security-act-benefits
2025-04-18,Presidential Document,16. Mobile Device,SoC,다시 한번 미국인을 최우선으로 생각하여 약가 인하,Lowering Drug Prices by Once Again Putting Americans First,https://www.federalregister.gov/documents/2025/04/18/2025-06837/lowering-drug-prices-by-once-again-putting-americans-first
2025-04-18,Presidential Document,"15. Hardware, 16. Mobile Device, 34. Automotive/Aviation, 38. Metals","Recycling, Electric Vehicle, SoC, Semiconductor, Rare earth",가공된 중요 광물 및 파생 제품에 대한 232조 조치를 통해 국가 안보 및 경제적 회복력 보장,Ensuring National Security and Economic Resilience Through Section 232 Actions on Processed Critical Minerals and Derivative Products,https://www.federalregister.gov/documents/2025/04/18/2025-06836/ensuring-national-security-and-economic-resilience-through-section-232-actions-on-processed-critical
2025-04-15,Presidential Document,37. Energy/Utility,"Nuclear, SMR",미국 에너지를 활성화하기 위한 제로 기반 규제 예산,Zero-Based Regulatory Budgeting To Unleash American Energy,https://www.federalregister.gov/documents/2025/04/15/2025-06466/zero-based-regulatory-budgeting-to-unleash-american-energy
2025-04-15,Presidential Document,"6. Blockchain, 11. 3D Printing, 16. Mobile Device, 37. Energy/Utility","Additive manufacturing, SoC, Nuclear, RWA",미국의 해양 지배력 회복,Restoring America's Maritime Dominance,https://www.federalregister.gov/documents/2025/04/15/2025-06465/restoring-americas-maritime-dominance
2025-04-15,Presidential Document,16. Mobile Device,SoC,Susman Godfrey의 위험 해결,Addressing Risks From Susman Godfrey,https://www.federalregister.gov/documents/2025/04/15/2025-06458/addressing-risks-from-susman-godfrey
2025-04-14,Presidential Document,4. AI,Artificial Intelligence,미국 전력망의 신뢰성과 보안 강화,Strengthening the Reliability and Security of the United States Electric Grid,https://www.federalregister.gov/documents/2025/04/14/2025-06381/strengthening-the-reliability-and-security-of-the-united-states-electric-grid
2025-04-14,Presidential Document,4. AI,Artificial Intelligence,미국의 아름다운 청정 석탄 산업 활성화 및 행정 명령 14241 개정,Reinvigorating America's Beautiful Clean Coal Industry and Amending Executive Order 14241,https://www.federalregister.gov/documents/2025/04/14/2025-06380/reinvigorating-americas-beautiful-clean-coal-industry-and-amending-executive-order-14241
2025-04-14,Presidential Document,"16. Mobile Device, 37. Energy/Utility","Nuclear, SoC",국가의 과잉 접근으로부터 미국 에너지 보호,Protecting American Energy From State Overreach,https://www.federalregister.gov/documents/2025/04/14/2025-06379/protecting-american-energy-from-state-overreach
2025-04-07,Presidential Document,"15. Hardware, 16. Mobile Device","Semiconductor, SoC",크고 지속적인 연간 미국 상품 무역 적자를 초래하는 무역 관행을 바로잡기 위해 상호 관세로 수입을 규제합니다.,Regulating Imports With a Reciprocal Tariff To Rectify Trade Practices That Contribute to Large and Persistent Annual United States Goods Trade Deficits,https://www.federalregister.gov/documents/2025/04/07/2025-06063/regulating-imports-with-a-reciprocal-tariff-to-rectify-trade-practices-that-contribute-to-large-and
2025-04-07,Presidential Document,"16. Mobile Device, 17. Mobile Wireless","Spectrum, SoC",2025년 세계 자폐증 인식의 날,"World Autism Awareness Day, 2025",https://www.federalregister.gov/documents/2025/04/07/2025-06026/world-autism-awareness-day-2025
2025-04-03,Presidential Document,16. Mobile Device,SoC,미국으로의 자동차 및 자동차 부품 수입 조정,Adjusting Imports of Automobiles and Automobile Parts Into the United States,https://www.federalregister.gov/documents/2025/04/03/2025-05930/adjusting-imports-of-automobiles-and-automobile-parts-into-the-united-states
2025-04-03,Presidential Document,16. Mobile Device,SoC,WilmerHale의 위험 해결,Addressing Risks From WilmerHale,https://www.federalregister.gov/documents/2025/04/03/2025-05845/addressing-risks-from-wilmerhale
2025-04-03,Presidential Document,"16. Mobile Device, 37. Energy/Utility","Nuclear, SoC",미국 역사의 진실과 온전함을 회복하기,Restoring Truth and Sanity to American History,https://www.federalregister.gov/documents/2025/04/03/2025-05838/restoring-truth-and-sanity-to-american-history
2025-04-03,Presidential Document,"16. Mobile Device, 37. Energy/Utility","Nuclear, SoC",연방 노사 관계 프로그램에서 제외,Exclusions From Federal Labor-Management Relations Programs,https://www.federalregister.gov/documents/2025/04/03/2025-05836/exclusions-from-federal-labor-management-relations-programs
2025-03-28,Presidential Document,16. Mobile Device,SoC,"사기, 낭비 및 남용으로부터 미국의 은행 계좌를 보호합니다.","Protecting America's Bank Account Against Fraud, Waste, and Abuse",https://www.federalregister.gov/documents/2025/03/28/2025-05524/protecting-americas-bank-account-against-fraud-waste-and-abuse
2025-03-28,Presidential Document,16. Mobile Device,SoC,미국 선거의 무결성 보존 및 보호,Preserving and Protecting the Integrity of American Elections,https://www.federalregister.gov/documents/2025/03/28/2025-05523/preserving-and-protecting-the-integrity-of-american-elections
2025-03-28,Presidential Document,16. Mobile Device,SoC,Jenner & Block의 위험 해결,Addressing Risks From Jenner & Block,https://www.federalregister.gov/documents/2025/03/28/2025-05519/addressing-risks-from-jenner-and-block
2025-03-26,Presidential Document,17. Mobile Wireless,Spectrum,Paul Weiss의 시정 조치 해결,Addressing Remedial Action by Paul Weiss,https://www.federalregister.gov/documents/2025/03/26/2025-05291/addressing-remedial-action-by-paul-weiss
2025-03-25,Presidential Document,"15. Hardware, 34. Automotive/Aviation","Electric Vehicle, Semiconductor",미국의 광물 생산량을 늘리기 위한 즉각적인 조치,Immediate Measures To Increase American Mineral Production,https://www.federalregister.gov/documents/2025/03/25/2025-05212/immediate-measures-to-increase-american-mineral-production
2025-03-20,Presidential Document,16. Mobile Device,SoC,연방 관료주의의 지속적인 축소,Continuing the Reduction of the Federal Bureaucracy,https://www.federalregister.gov/documents/2025/03/20/2025-04868/continuing-the-reduction-of-the-federal-bureaucracy
2025-03-20,Presidential Document,16. Mobile Device,SoC,Paul Weiss의 위험 해결,Addressing Risks From Paul Weiss,https://www.federalregister.gov/documents/2025/03/20/2025-04867/addressing-risks-from-paul-weiss
2025-03-12,Presidential Document,16. Mobile Device,SoC,공공 서비스 대출 면제 복원,Restoring Public Service Loan Forgiveness,https://www.federalregister.gov/documents/2025/03/12/2025-04103/restoring-public-service-loan-forgiveness
2025-03-11,Presidential Document,6. Blockchain,RWA,전략적 비트코인 ​​준비금 및 미국 디지털 자산 비축분의 설립,Establishment of the Strategic Bitcoin Reserve and United States Digital Asset Stockpile,https://www.federalregister.gov/documents/2025/03/11/2025-03992/establishment-of-the-strategic-bitcoin-reserve-and-united-states-digital-asset-stockpile
2025-03-11,Presidential Document,16. Mobile Device,SoC,Perkins Coie LLP의 위험 해결,Addressing Risks From Perkins Coie LLP,https://www.federalregister.gov/documents/2025/03/11/2025-03989/addressing-risks-from-perkins-coie-llp
2025-03-11,Presidential Document,16. Mobile Device,SoC,2025년 여성 역사의 달,"Women's History Month, 2025",https://www.federalregister.gov/documents/2025/03/11/2025-03947/womens-history-month-2025
2025-03-06,Presidential Document,16. Mobile Device,SoC,미국 목재 생산의 즉각적인 확장,Immediate Expansion of American Timber Production,https://www.federalregister.gov/documents/2025/03/06/2025-03695/immediate-expansion-of-american-timber-production
2025-03-06,Presidential Document,16. Mobile Device,SoC,영어를 미국의 공식 언어로 지정,Designating English as the Official Language of the United States,https://www.federalregister.gov/documents/2025/03/06/2025-03694/designating-english-as-the-official-language-of-the-united-states
2025-03-06,Presidential Document,16. Mobile Device,SoC,"목재, 목재 및 그 파생 제품 수입으로 인한 국가 안보 위협 해결","Addressing the Threat to National Security From Imports of Timber, Lumber, and Their Derivative Products",https://www.federalregister.gov/documents/2025/03/06/2025-03693/addressing-the-threat-to-national-security-from-imports-of-timber-lumber-and-their-derivative
2025-02-28,Presidential Document,"16. Mobile Device, 38. Metals","Recycling, SoC",구리 수입으로 인한 국가 안보 위협 해결,Addressing the Threat to National Security From Imports of Copper,https://www.federalregister.gov/documents/2025/02/28/2025-03439/addressing-the-threat-to-national-security-from-imports-of-copper
2025-02-25,Presidential Document,16. Mobile Device,SoC,"합법적인 거버넌스 보장 및 대통령의 ""정부 효율성부"" 규제완화 이니셔티브 이행","Ensuring Lawful Governance and Implementing the President's ""Department of Government Efficiency"" Deregulatory Initiative",https://www.federalregister.gov/documents/2025/02/25/2025-03138/ensuring-lawful-governance-and-implementing-the-presidents-department-of-government-efficiency
2025-02-25,Presidential Document,16. Mobile Device,SoC,연방 관료주의 축소 시작,Commencing the Reduction of the Federal Bureaucracy,https://www.federalregister.gov/documents/2025/02/25/2025-03133/commencing-the-reduction-of-the-federal-bureaucracy
2025-02-20,Presidential Document,16. Mobile Device,SoC,교육 접근성 유지 및 학교 내 코로나19 백신 의무 종료,Keeping Education Accessible and Ending COVID-19 Vaccine Mandates in Schools,https://www.federalregister.gov/documents/2025/02/20/2025-02931/keeping-education-accessible-and-ending-covid-19-vaccine-mandates-in-schools
2025-02-20,Presidential Document,"4. AI, 37. Energy/Utility","Nuclear, Artificial Intelligence",국가에너지우세협의회 설립,Establishing the National Energy Dominance Council,https://www.federalregister.gov/documents/2025/02/20/2025-02928/establishing-the-national-energy-dominance-council
2025-02-19,Presidential Document,17. Mobile Wireless,Spectrum,대통령의 미국을 다시 건강하게 만들기 위원회(Make America Healthy Again Commission) 설립,Establishing the President's Make America Healthy Again Commission,https://www.federalregister.gov/documents/2025/02/19/2025-02871/establishing-the-presidents-make-america-healthy-again-commission
2025-02-18,Presidential Document,16. Mobile Device,SoC,미국으로의 철강 수입 조정,Adjusting Imports of Steel Into the United States,https://www.federalregister.gov/documents/2025/02/18/2025-02833/adjusting-imports-of-steel-into-the-united-states
2025-02-18,Presidential Document,16. Mobile Device,SoC,미국으로의 알루미늄 수입 조정,Adjusting Imports of Aluminum Into the United States,https://www.federalregister.gov/documents/2025/02/18/2025-02832/adjusting-imports-of-aluminum-into-the-united-states
2025-02-12,Presidential Document,37. Energy/Utility,Nuclear,남아프리카 공화국의 심각한 행동에 대한 대응,Addressing Egregious Actions of the Republic of South Africa,https://www.federalregister.gov/documents/2025/02/12/2025-02630/addressing-egregious-actions-of-the-republic-of-south-africa
2025-02-12,Presidential Document,16. Mobile Device,SoC,국제형사재판소에 제재 부과,Imposing Sanctions on the International Criminal Court,https://www.federalregister.gov/documents/2025/02/12/2025-02612/imposing-sanctions-on-the-international-criminal-court
2025-02-12,Presidential Document,17. Mobile Wireless,Spectrum,반기독교 편견 근절,Eradicating Anti-Christian Bias,https://www.federalregister.gov/documents/2025/02/12/2025-02611/eradicating-anti-christian-bias
2025-02-11,Presidential Document,16. Mobile Device,SoC,남성을 여성 스포츠에 참여시키지 않기,Keeping Men Out of Women's Sports,https://www.federalregister.gov/documents/2025/02/11/2025-02513/keeping-men-out-of-womens-sports
2025-02-10,Presidential Document,6. Blockchain,RWA,특정 유엔 조직에서 미국의 자금 지원을 철회하고 종료하며 모든 국제 조직에 대한 미국의 지원을 검토합니다.,Withdrawing the United States From and Ending Funding to Certain United Nations Organizations and Reviewing United States Support to All International Organizations,https://www.federalregister.gov/documents/2025/02/10/2025-02504/withdrawing-the-united-states-from-and-ending-funding-to-certain-united-nations-organizations-and
2025-02-07,Presidential Document,16. Mobile Device,SoC,중화인민공화국 내 합성 오피오이드 공급망을 다루기 위한 의무 부과,Imposing Duties To Address the Synthetic Opioid Supply Chain in the People's Republic of China,https://www.federalregister.gov/documents/2025/02/07/2025-02408/imposing-duties-to-address-the-synthetic-opioid-supply-chain-in-the-peoples-republic-of-china
2025-02-07,Presidential Document,16. Mobile Device,SoC,남부 국경 상황을 해결하기 위한 의무 부과,Imposing Duties To Address the Situation at Our Southern Border,https://www.federalregister.gov/documents/2025/02/07/2025-02407/imposing-duties-to-address-the-situation-at-our-southern-border
2025-02-07,Presidential Document,16. Mobile Device,SoC,북부 국경을 통과하는 불법 마약 흐름을 해결하기 위한 의무 부과,Imposing Duties To Address the Flow of Illicit Drugs Across Our Northern Border,https://www.federalregister.gov/documents/2025/02/07/2025-02406/imposing-duties-to-address-the-flow-of-illicit-drugs-across-our-northern-border
2025-02-06,Presidential Document,16. Mobile Device,SoC,규제완화로 번영을 이룩하다,Unleashing Prosperity Through Deregulation,https://www.federalregister.gov/documents/2025/02/06/2025-02345/unleashing-prosperity-through-deregulation
2025-02-03,Presidential Document,16. Mobile Device,SoC,가족을 위한 교육의 자유와 기회 확대,Expanding Educational Freedom and Opportunity for Families,https://www.federalregister.gov/documents/2025/02/03/2025-02233/expanding-educational-freedom-and-opportunity-for-families
2025-02-03,Presidential Document,16. Mobile Device,SoC,K-12 학교 교육의 급진적 세뇌 종식,Ending Radical Indoctrination in K-12 Schooling,https://www.federalregister.gov/documents/2025/02/03/2025-02232/ending-radical-indoctrination-in-k-12-schooling
2025-02-03,Presidential Document,16. Mobile Device,SoC,화학적 및 외과적 절단으로부터 어린이를 보호하기,Protecting Children From Chemical and Surgical Mutilation,https://www.federalregister.gov/documents/2025/02/03/2025-02194/protecting-children-from-chemical-and-surgical-mutilation
2025-02-03,Presidential Document,"6. Blockchain, 37. Energy/Utility, 39. Construction/Defense","Nuclear, Defense tech, RWA",미국을 위한 아이언돔,The Iron Dome for America,https://www.federalregister.gov/documents/2025/02/03/2025-02182/the-iron-dome-for-america
2025-02-03,Presidential Document,16. Mobile Device,SoC,미국의 전투력 회복,Restoring America's Fighting Force,https://www.federalregister.gov/documents/2025/02/03/2025-02181/restoring-americas-fighting-force
2025-02-03,Presidential Document,16. Mobile Device,SoC,"아우슈비츠 해방 80주년 국경일, 2025년","National Day of Remembrance of the 80th Anniversary of the Liberation of Auschwitz, 2025",https://www.federalregister.gov/documents/2025/02/03/2025-02177/national-day-of-remembrance-of-the-80th-anniversary-of-the-liberation-of-auschwitz-2025
2025-01-31,Presidential Document,17. Mobile Wireless,Spectrum,연방재난관리청 평가위원회,Council To Assess the Federal Emergency Management Agency,https://www.federalregister.gov/documents/2025/01/31/2025-02173/council-to-assess-the-federal-emergency-management-agency
2025-01-31,Presidential Document,"4. AI, 16. Mobile Device","SoC, Artificial Intelligence",인공 지능 분야에서 미국의 리더십에 대한 장벽 제거,Removing Barriers to American Leadership in Artificial Intelligence,https://www.federalregister.gov/documents/2025/01/31/2025-02172/removing-barriers-to-american-leadership-in-artificial-intelligence
2025-01-31,Presidential Document,16. Mobile Device,SoC,노스캐롤라이나의 Lumbee 부족에 대한 연방 정부의 인정,Federal Recognition of the Lumbee Tribe of North Carolina,https://www.federalregister.gov/documents/2025/01/31/2025-02124/federal-recognition-of-the-lumbee-tribe-of-north-carolina
2025-01-31,Presidential Document,6. Blockchain,CBDC,디지털 금융 기술 분야에서 미국의 리더십 강화,Strengthening American Leadership in Digital Financial Technology,https://www.federalregister.gov/documents/2025/01/31/2025-02123/strengthening-american-leadership-in-digital-financial-technology
2025-01-31,Presidential Document,"4. AI, 6. Blockchain","Artificial Intelligence, RWA",대통령 과학기술 자문위원회,President's Council of Advisors on Science and Technology,https://www.federalregister.gov/documents/2025/01/31/2025-02121/presidents-council-of-advisors-on-science-and-technology
2025-01-31,Presidential Document,16. Mobile Device,SoC,불법 차별 종식 및 성과 기반 기회 복원,Ending Illegal Discrimination and Restoring Merit-Based Opportunity,https://www.federalregister.gov/documents/2025/01/31/2025-02097/ending-illegal-discrimination-and-restoring-merit-based-opportunity
2025-01-30,Presidential Document,16. Mobile Device,SoC,연방 채용 절차 개혁 및 정부 서비스의 장점 복원,Reforming the Federal Hiring Process and Restoring Merit to Government Service,https://www.federalregister.gov/documents/2025/01/30/2025-02094/reforming-the-federal-hiring-process-and-restoring-merit-to-government-service
2025-01-30,Presidential Document,"16. Mobile Device, 17. Mobile Wireless","Spectrum, SoC",성별 이데올로기 극단주의로부터 여성을 보호하고 연방 정부에 생물학적 진실을 복원,Defending Women From Gender Ideology Extremism and Restoring Biological Truth to the Federal Government,https://www.federalregister.gov/documents/2025/01/30/2025-02090/defending-women-from-gender-ideology-extremism-and-restoring-biological-truth-to-the-federal
2025-01-30,Presidential Document,6. Blockchain,RWA,외국의 적 통제 응용 프로그램으로부터 미국인을 보호하는 법을 TikTok에 적용,Application of Protecting Americans From Foreign Adversary Controlled Applications Act to TikTok,https://www.federalregister.gov/documents/2025/01/30/2025-02087/application-of-protecting-americans-from-foreign-adversary-controlled-applications-act-to-tiktok
2025-01-29,Presidential Document,16. Mobile Device,SoC,미국 시민권의 의미와 가치 보호,Protecting the Meaning and Value of American Citizenship,https://www.federalregister.gov/documents/2025/01/29/2025-02007/protecting-the-meaning-and-value-of-american-citizenship
2025-01-29,Presidential Document,16. Mobile Device,SoC,카르텔 및 기타 조직을 외국 테러 조직 및 특별 지정 글로벌 테러리스트로 지정,Designating Cartels and Other Organizations as Foreign Terrorist Organizations and Specially Designated Global Terrorists,https://www.federalregister.gov/documents/2025/01/29/2025-02004/designating-cartels-and-other-organizations-as-foreign-terrorist-organizations-and-specially
2025-01-29,Presidential Document,16. Mobile Device,SoC,해상 풍력 임대에서 대륙붕 외부 모든 지역의 임시 철수 및 풍력 프로젝트에 대한 연방 정부의 임대 및 허가 관행 검토,Temporary Withdrawal of All Areas on the Outer Continental Shelf From Offshore Wind Leasing and Review of the Federal Government's Leasing and Permitting Practices for Wind Projects,https://www.federalregister.gov/documents/2025/01/29/2025-01966/temporary-withdrawal-of-all-areas-on-the-outer-continental-shelf-from-offshore-wind-leasing-and
2025-01-29,Presidential Document,"16. Mobile Device, 34. Automotive/Aviation, 37. Energy/Utility, 38. Metals","Electric Vehicle, Nuclear, SoC, Rare earth",미국 에너지의 해방,Unleashing American Energy,https://www.federalregister.gov/documents/2025/01/29/2025-01956/unleashing-american-energy
2025-01-29,Presidential Document,"6. Blockchain, 16. Mobile Device","SoC, RWA",알래스카의 놀라운 자원 잠재력 발휘,Unleashing Alaska's Extraordinary Resource Potential,https://www.federalregister.gov/documents/2025/01/29/2025-01955/unleashing-alaskas-extraordinary-resource-potential
2025-01-29,Presidential Document,16. Mobile Device,SoC,급진적이고 낭비적인 정부 DEI 프로그램 및 특혜 종료,Ending Radical and Wasteful Government DEI Programs and Preferencing,https://www.federalregister.gov/documents/2025/01/29/2025-01953/ending-radical-and-wasteful-government-dei-programs-and-preferencing
2025-01-29,Presidential Document,6. Blockchain,RWA,국무장관에 대한 미국 우선 정책 지침,America First Policy Directive to the Secretary of State,https://www.federalregister.gov/documents/2025/01/29/2025-01952/america-first-policy-directive-to-the-secretary-of-state
2025-01-29,Presidential Document,"4. AI, 16. Mobile Device","LLM, SoC",침략으로부터 국가 보호 보장,Guaranteeing the States Protection Against Invasion,https://www.federalregister.gov/documents/2025/01/29/2025-01951/guaranteeing-the-states-protection-against-invasion
2025-01-28,Presidential Document,16. Mobile Device,SoC,프리즈 채용,Hiring Freeze,https://www.federalregister.gov/documents/2025/01/28/2025-01905/hiring-freeze
2025-01-28,Presidential Document,34. Automotive/Aviation,Electric Vehicle,미국 가족을 위한 긴급 물가 구제 제공 및 생활비 위기 극복,Delivering Emergency Price Relief for American Families and Defeating the Cost-of-Living Crisis,https://www.federalregister.gov/documents/2025/01/28/2025-01904/delivering-emergency-price-relief-for-american-families-and-defeating-the-cost-of-living-crisis
2025-01-28,Presidential Document,16. Mobile Device,SoC,언론의 자유 회복 및 연방 검열 종료,Restoring Freedom of Speech and Ending Federal Censorship,https://www.federalregister.gov/documents/2025/01/28/2025-01902/restoring-freedom-of-speech-and-ending-federal-censorship
2025-01-28,Presidential Document,4. AI,Artificial Intelligence,유해한 행정 명령 및 조치의 최초 철회,Initial Rescissions of Harmful Executive Orders and Actions,https://www.federalregister.gov/documents/2025/01/28/2025-01901/initial-rescissions-of-harmful-executive-orders-and-actions
2025-01-28,Presidential Document,16. Mobile Device,SoC,연방정부의 무기화 종식,Ending the Weaponization of the Federal Government,https://www.federalregister.gov/documents/2025/01/28/2025-01900/ending-the-weaponization-of-the-federal-government
